"parameter","value","se","transition"
"b1",-0.0869359748632837,2.22317712768001,"State 2"
"b2",-2.17310359385757,30.9119919907508,"State 2"
"b3",-10.1328665559501,47.4788835588213,"State 2"
"b4",10.6113604528241,53.5392466347078,"State 2"
"b1",-1.11804972116297,1.19290690101043,"State 3"
"b2",0.0496510501735667,0.176558153850899,"State 3"
"b3",0.0167876116637725,0.484963377866409,"State 3"
"b4",0.0346093756313108,0.236390993034951,"State 3"
