"ID","u1","u2","u3"
2,2.65252007894319e-09,0.924238715834495,0.0757612815129854
16,0.472894158830848,0.106495058098213,0.420610783070939
21,4.34056640444237e-13,0.00674082245941464,0.993259177540151
